Year,discharge,Annual_Mass_Balance,Winter_Balance,Summer_Balance,temp,rain,Avg_Temp_Melt,Total_Rainfall_Melt,lag_discharge,actual,pred
2018,405.9928753,0.478428847,0.796352584,0.477777778,0.664969403,0.083591095,0.543019791,0.391873568,0.813806921,405.9928753,304.356
2019,685.1496108,0.726336124,0.696048632,0.750980392,0.088909114,0.439721999,0.740849698,0.830387619,0.146864574,685.1496108,1269.793
2020,2283.182983,0.756600129,0.43768997,0.837254902,0.0,0.545766984,0.532551387,0.941810446,0.27373425,2283.182983,1269.793
2021,82.84051604,0.274951706,0.866261398,0.25620915,0.256288964,1.0,0.455451975,0.583906111,1.0,82.84051604,795.255
2022,728.3821506,0.08370895,0.954407295,0.04248366,0.499079481,0.566998893,0.665354932,0.721255903,0.0,728.3821506,941.275
2023,2385.691801,0.108821636,0.063829787,0.260130719,0.528200798,0.558674151,1.0,0.537382522,0.293382346,2385.691801,1170.274
